{
  "02. GET /api/me/" : {
    "transaction" : "02. GET /api/me/",
    "sampleCount" : 100,
    "errorCount" : 0,
    "errorPct" : 0.0,
    "meanResTime" : 1053.8899999999999,
    "medianResTime" : 1059.5,
    "minResTime" : 847.0,
    "maxResTime" : 1219.0,
    "pct1ResTime" : 1159.0,
    "pct2ResTime" : 1159.0,
    "pct3ResTime" : 1218.99,
    "throughput" : 79.05138339920948,
    "receivedKBytesPerSec" : 40.831892292490124,
    "sentKBytesPerSec" : 33.81299407114625
  },
  "09. DELETE /api/favorite/delete/" : {
    "transaction" : "09. DELETE /api/favorite/delete/",
    "sampleCount" : 100,
    "errorCount" : 0,
    "errorPct" : 0.0,
    "meanResTime" : 654.0300000000001,
    "medianResTime" : 710.5,
    "minResTime" : 438.0,
    "maxResTime" : 813.0,
    "pct1ResTime" : 765.0,
    "pct2ResTime" : 789.9,
    "pct3ResTime" : 812.81,
    "throughput" : 118.7648456057007,
    "receivedKBytesPerSec" : 46.97242428741093,
    "sentKBytesPerSec" : 56.9468156175772
  },
  "06. POST /api/favorite/add/" : {
    "transaction" : "06. POST /api/favorite/add/",
    "sampleCount" : 100,
    "errorCount" : 0,
    "errorPct" : 0.0,
    "meanResTime" : 922.1900000000003,
    "medianResTime" : 909.0,
    "minResTime" : 893.0,
    "maxResTime" : 1127.0,
    "pct1ResTime" : 932.0,
    "pct2ResTime" : 1065.1499999999987,
    "pct3ResTime" : 1126.94,
    "throughput" : 88.1057268722467,
    "receivedKBytesPerSec" : 33.72797356828194,
    "sentKBytesPerSec" : 41.815803964757706
  },
  "13. POST /api/orders/create/" : {
    "transaction" : "13. POST /api/orders/create/",
    "sampleCount" : 100,
    "errorCount" : 0,
    "errorPct" : 0.0,
    "meanResTime" : 1964.4000000000003,
    "medianResTime" : 1318.0,
    "minResTime" : 820.0,
    "maxResTime" : 2980.0,
    "pct1ResTime" : 2976.0,
    "pct2ResTime" : 2979.0,
    "pct3ResTime" : 2980.0,
    "throughput" : 15.525539512498058,
    "receivedKBytesPerSec" : 7.338243285204161,
    "sentKBytesPerSec" : 9.369905682347461
  },
  "07. POST /api/cart/store/" : {
    "transaction" : "07. POST /api/cart/store/",
    "sampleCount" : 100,
    "errorCount" : 0,
    "errorPct" : 0.0,
    "meanResTime" : 832.6799999999997,
    "medianResTime" : 853.5,
    "minResTime" : 759.0,
    "maxResTime" : 860.0,
    "pct1ResTime" : 858.0,
    "pct2ResTime" : 859.95,
    "pct3ResTime" : 860.0,
    "throughput" : 116.14401858304298,
    "receivedKBytesPerSec" : 43.78085075493612,
    "sentKBytesPerSec" : 57.278056039488966
  },
  "05. GET /api/products/{id}/" : {
    "transaction" : "05. GET /api/products/{id}/",
    "sampleCount" : 100,
    "errorCount" : 0,
    "errorPct" : 0.0,
    "meanResTime" : 1462.4199999999998,
    "medianResTime" : 1701.0,
    "minResTime" : 97.0,
    "maxResTime" : 1771.0,
    "pct1ResTime" : 1729.0,
    "pct2ResTime" : 1731.0,
    "pct3ResTime" : 1770.93,
    "throughput" : 51.36106831022085,
    "receivedKBytesPerSec" : 34.07285246533128,
    "sentKBytesPerSec" : 22.420310092449924
  },
  "03. POST /api/personal-info/" : {
    "transaction" : "03. POST /api/personal-info/",
    "sampleCount" : 100,
    "errorCount" : 0,
    "errorPct" : 0.0,
    "meanResTime" : 1061.66,
    "medianResTime" : 551.0,
    "minResTime" : 321.0,
    "maxResTime" : 1824.0,
    "pct1ResTime" : 1745.0,
    "pct2ResTime" : 1746.0,
    "pct3ResTime" : 1823.2899999999997,
    "throughput" : 39.5882818685669,
    "receivedKBytesPerSec" : 19.59774594220111,
    "sentKBytesPerSec" : 19.868368962787017
  },
  "10. GET /api/cart/" : {
    "transaction" : "10. GET /api/cart/",
    "sampleCount" : 100,
    "errorCount" : 0,
    "errorPct" : 0.0,
    "meanResTime" : 95.73999999999998,
    "medianResTime" : 97.5,
    "minResTime" : 11.0,
    "maxResTime" : 140.0,
    "pct1ResTime" : 133.0,
    "pct2ResTime" : 136.89999999999998,
    "pct3ResTime" : 139.99,
    "throughput" : 581.3953488372093,
    "receivedKBytesPerSec" : 447.9696584302326,
    "sentKBytesPerSec" : 249.8183139534884
  },
  "12. GET /api/orders/user/" : {
    "transaction" : "12. GET /api/orders/user/",
    "sampleCount" : 100,
    "errorCount" : 0,
    "errorPct" : 0.0,
    "meanResTime" : 508.5899999999999,
    "medianResTime" : 188.5,
    "minResTime" : 71.0,
    "maxResTime" : 1051.0,
    "pct1ResTime" : 1048.0,
    "pct2ResTime" : 1049.0,
    "pct3ResTime" : 1050.99,
    "throughput" : 51.38746145940391,
    "receivedKBytesPerSec" : 96.32690053314491,
    "sentKBytesPerSec" : 22.43183132065776
  },
  "Total" : {
    "transaction" : "Total",
    "sampleCount" : 1400,
    "errorCount" : 0,
    "errorPct" : 0.0,
    "meanResTime" : 1038.1692857142857,
    "medianResTime" : 860.0,
    "minResTime" : 11.0,
    "maxResTime" : 3036.0,
    "pct1ResTime" : 2538.0,
    "pct2ResTime" : 2975.0,
    "pct3ResTime" : 3027.0,
    "throughput" : 54.51501109769868,
    "receivedKBytesPerSec" : 49.16903395263035,
    "sentKBytesPerSec" : 24.686599528834545
  },
  "01. POST /api/login/" : {
    "transaction" : "01. POST /api/login/",
    "sampleCount" : 100,
    "errorCount" : 0,
    "errorPct" : 0.0,
    "meanResTime" : 2348.810000000001,
    "medianResTime" : 2420.5,
    "minResTime" : 1679.0,
    "maxResTime" : 2626.0,
    "pct1ResTime" : 2617.9,
    "pct2ResTime" : 2622.95,
    "pct3ResTime" : 2626.0,
    "throughput" : 38.051750380517504,
    "receivedKBytesPerSec" : 28.64731972983257,
    "sentKBytesPerSec" : 9.587257420091325
  },
  "08. GET /api/favorite/" : {
    "transaction" : "08. GET /api/favorite/",
    "sampleCount" : 100,
    "errorCount" : 0,
    "errorPct" : 0.0,
    "meanResTime" : 159.57000000000002,
    "medianResTime" : 146.0,
    "minResTime" : 114.0,
    "maxResTime" : 215.0,
    "pct1ResTime" : 208.0,
    "pct2ResTime" : 210.0,
    "pct3ResTime" : 215.0,
    "throughput" : 294.11764705882354,
    "receivedKBytesPerSec" : 205.93979779411762,
    "sentKBytesPerSec" : 127.52757352941175
  },
  "11. POST /api/cart/increase/" : {
    "transaction" : "11. POST /api/cart/increase/",
    "sampleCount" : 100,
    "errorCount" : 0,
    "errorPct" : 0.0,
    "meanResTime" : 268.68,
    "medianResTime" : 246.5,
    "minResTime" : 159.0,
    "maxResTime" : 449.0,
    "pct1ResTime" : 442.0,
    "pct2ResTime" : 447.95,
    "pct3ResTime" : 449.0,
    "throughput" : 89.04719501335707,
    "receivedKBytesPerSec" : 68.17675868210151,
    "sentKBytesPerSec" : 42.34959372217275
  },
  "04. GET /api/products/" : {
    "transaction" : "04. GET /api/products/",
    "sampleCount" : 100,
    "errorCount" : 0,
    "errorPct" : 0.0,
    "meanResTime" : 1382.4699999999996,
    "medianResTime" : 1146.0,
    "minResTime" : 800.0,
    "maxResTime" : 2894.0,
    "pct1ResTime" : 2384.0,
    "pct2ResTime" : 2384.0,
    "pct3ResTime" : 2893.97,
    "throughput" : 22.060445621001545,
    "receivedKBytesPerSec" : 90.4512739907346,
    "sentKBytesPerSec" : 9.565271343481138
  },
  "14. POST /api/orders/{id}/pay/" : {
    "transaction" : "14. POST /api/orders/{id}/pay/",
    "sampleCount" : 100,
    "errorCount" : 0,
    "errorPct" : 0.0,
    "meanResTime" : 1819.2399999999998,
    "medianResTime" : 3022.0,
    "minResTime" : 277.0,
    "maxResTime" : 3036.0,
    "pct1ResTime" : 3029.9,
    "pct2ResTime" : 3031.0,
    "pct3ResTime" : 3035.95,
    "throughput" : 19.474196689386563,
    "receivedKBytesPerSec" : 7.017557205452776,
    "sentKBytesPerSec" : 8.995405306718599
  }
}